<BackupInst xmlns="http://www.microsoft.com/GroupPolicy/GPOOperations/Manifest"><GPOGuid><![CDATA[{3476F5C9-4D5D-4334-898B-05987E5D74E7}]]></GPOGuid><GPODomain><![CDATA[TEAL.TEAL]]></GPODomain><GPODomainGuid><![CDATA[{3a3f45a1-6bfd-4560-aaa5-75df01ddae1d}]]></GPODomainGuid><GPODomainController><![CDATA[TEALSERV.TEAL.TEAL]]></GPODomainController><BackupTime><![CDATA[2021-10-05T14:02:30]]></BackupTime><ID><![CDATA[{9D866446-09D5-43E2-A97B-86C0C9C6C6F5}]]></ID><Comment><![CDATA[]]></Comment><GPODisplayName><![CDATA[TEAL_ToggleEnhancedAuditLogging]]></GPODisplayName></BackupInst>
